,A,B,C,D
2000-01-01,-0.12766451080723895,-0.8249773786987382,-0.7486267481211686,-1.9467485714147663
2000-01-02,0.7769261178822039,-1.348184560232955,-0.5403886141494756,-2.865018257280724
2000-01-03,0.1854437540805931,-1.2595075052502807,-1.324888303675666,-2.1163519774786526
2000-01-04,1.3506696650135526,-0.4968290209081243,-1.5608738429364928,-0.6416572900258104
2000-01-05,-0.4966141932416779,0.08829424592187873,-0.7837759201824852,0.6620395122299008
2000-01-06,-1.149482381615696,1.2984705174349918,0.23749512694136898,2.617396617937998
2000-01-07,0.3693374606622961,1.0663504847297838,0.9708954258108771,1.0273509919302084
2000-01-08,0.38317402414156687,0.9896264083687702,0.14981336374874188,-0.18837772628476768
2000-01-09,-0.30451327767179237,2.000495081205191,0.8484079782682378,0.9732981843553239
2000-01-10,-0.3180983429682683,3.481654264513888,0.30596659648710645,1.6485764077561778
2000-01-11,1.1166762982772227,3.549043034694273,-0.971848811281642,0.41378498950082276
2000-01-12,0.1695174904471647,1.6992726263567788,-0.299028172468216,-1.0803477451859118
2000-01-13,-0.6461384988256941,1.8912239481128905,-0.9990802235859128,-0.196581636278092
2000-01-14,-0.8094191999180427,1.888124267973561,-0.559707874589854,0.9973958809276499
2000-01-15,0.577259885080919,1.1576776080028433,-1.2073837149217765,1.4819032200335898
2000-01-16,0.22690004211948545,0.03588887102043459,-0.3407148863623589,1.8713530140552923
2000-01-17,-0.25524332785693976,-0.9194053440083012,0.17881678719449523,0.47860033989139183
2000-01-18,1.0783906153708123,-0.5716979216022262,1.3129012045709694,1.2627233852218134
2000-01-19,1.456323893080087,-1.113510864439905,0.7223172820269976,-0.3276710406792349
2000-01-20,3.071298766728254,-0.8230186826699275,1.03688023615761,0.12632315424567692
2000-01-21,2.895032922378068,-1.2783331492005527,2.332157352774784,0.7110886459668957
2000-01-22,2.8272854730342987,-1.6037191175218901,2.758127258755723,1.6389534144075784
2000-01-23,1.453684931731256,0.8675788762730108,3.1911822840212474,1.9384592551164932
2000-01-24,0.8073913592631099,0.14022769822932235,3.592185876271202,1.038772149570176
2000-01-25,2.189065081213935,-0.9020072003582357,3.4863988462546978,0.4903494467022236
2000-01-26,2.003359702951728,-0.9107721222140371,2.2601271909797602,1.286884525191976
2000-01-27,1.6529550887986433,0.24100699743587828,0.8661295420336657,1.6863118920395443
2000-01-28,2.7340082600025557,1.3306596188708464,2.9878042505077786,1.5329195355893368
2000-01-29,2.682868725831352,-0.21228038028704077,3.910888257869848,2.2467853920161285
2000-01-30,2.545051571963276,-1.4784322425328535,4.990905367441757,2.2925650817098795
2000-01-31,2.762765865496719,-1.475140027687435,5.624093255415216,2.3913611385829454
2000-02-01,1.0339044993021909,-1.8142746427915075,4.954544734985006,2.812444204783964
2000-02-02,0.7832642702263429,-1.6035080856363084,4.322655066770966,2.2753957086380403
2000-02-03,2.103150535620613,-0.36721650794476934,3.510378118061772,0.7451935717075258
2000-02-04,2.8611506252584316,0.10006833517898928,4.061576663987906,1.184002684639649
2000-02-05,2.2331035468866975,-1.7041671346231877,2.8420521887754635,2.020122066530193
2000-02-06,2.213255473506351,-2.881566719536133,3.4889753590574095,2.138896496838806
2000-02-07,2.970768454375665,-3.116360304510152,4.315037100697827,2.2714846671208795
2000-02-08,2.683667600419568,-2.9041580034264682,2.5704259565298244,1.7021413552079947
2000-02-09,2.19488906552364,-0.6880127406574639,2.103625488506818,0.6930201569063332
2000-02-10,3.2764103114845664,-1.086866551577103,2.5796513490704673,-0.45216518641180303
2000-02-11,3.4577879085997036,-1.7485573617969725,2.8383445356719106,-1.987768682594264
2000-02-12,4.31110569153097,-3.6102376391258866,1.2135860859877488,-0.29528778802009237
2000-02-13,4.364475482580511,-3.584671892767088,1.9230963993385815,-1.1257845693280535
2000-02-14,2.931147304095494,-4.745940732835133,3.3876048295377004,0.5296451829839743
2000-02-15,3.6502752799658924,-5.090296197723528,3.2233240458606462,1.169338354037127
2000-02-16,3.035404679934085,-6.920256090068827,4.539456835917306,0.9556636080563903
2000-02-17,1.6508538096609486,-7.2968229297520075,4.403050004548022,2.010151761644229
2000-02-18,-0.94650847187898,-7.184985388894971,3.2216903811487834,1.917386291136088
2000-02-19,-2.174656632788747,-6.249478964436528,4.412534495179679,2.4203464563238377
2000-02-20,-2.3006025618394217,-6.9071014203607755,3.276192448653321,2.6083508739970265
2000-02-21,-2.6936077399738974,-6.93408545839535,2.171335593183369,2.7973933770224004
2000-02-22,-3.302245127555924,-6.943084716167361,1.6568491197283497,2.430552753898917
2000-02-23,-2.98159036800108,-6.210520844382266,1.9383708371179842,0.3557950539971202
2000-02-24,-4.405285156370853,-5.823092416863872,-0.0751985264899222,0.02919819922965472
2000-02-25,-3.8381192372589243,-5.269890421852325,-0.15785030691322605,0.3722454981916739
2000-02-26,-1.1654686790909659,-6.159785781047066,2.5170084970236464,-0.9448538283947312
2000-02-27,-2.139517530308237,-6.800102709666901,3.5849125737137078,-0.9481602259545059
2000-02-28,-2.418296735705196,-5.8229910955097735,4.156151340509931,-0.7997212716004578
2000-02-29,-1.3501921703405768,-7.991252719175214,5.156552862909775,-1.5189503985384927
2000-03-01,-1.3650210262517488,-7.330499222363512,4.834719913140275,0.44943002048744507
2000-03-02,-0.3558843565668979,-5.781620605278256,3.278418168508545,1.3777316320111916
2000-03-03,0.8316053607386493,-5.852334908575768,3.8208184032567645,2.267658265592742
2000-03-04,1.5514339413831384,-5.2155132155081505,3.2264355597594525,1.9614462995348076
2000-03-05,1.4724518488047575,-3.787643394429693,3.3217314217374048,1.9188774029739712
2000-03-06,-0.0825477069274152,-5.015014999321908,2.7470870456906566,3.2286852235960293
2000-03-07,1.0177563900514357,-6.029316179621371,3.9490937966939863,3.3354589271007553
2000-03-08,1.9841495251858816,-4.741219562817676,2.8715934135706442,3.978214778017245
2000-03-09,2.831181089800986,-4.018380915117905,2.8037645860154004,6.422939060797926
2000-03-10,1.856072585579096,-2.7790306052201554,2.7295976827937896,5.541067257760198
2000-03-11,0.16065819147660965,-2.1848497424768785,4.00896444550942,5.923924137890467
2000-03-12,-0.4383297602836834,-0.7524231051632149,4.709668208302991,5.4185444969659144
2000-03-13,-1.2976713292284172,0.6597757318380653,5.865881404764089,4.570632949632493
2000-03-14,0.03367050467106214,-0.0974031676033088,4.364931476471021,5.576938844408705
2000-03-15,-0.24018168282782154,0.23783188286690976,4.882349241223916,6.718569835954571
2000-03-16,-1.7166145376735908,0.6806373797588232,5.390560435237986,6.217104759793179
2000-03-17,-1.6037396409761009,0.8071778974792446,5.264333504971057,6.667394992254917
2000-03-18,-1.426560006296582,1.7446621037348735,5.958240481172363,5.0226473613453075
2000-03-19,-0.044014922373148746,1.0089349441820774,4.651208732081851,6.258619946017011
2000-03-20,0.3925670649301116,1.275521613502804,5.071668537811737,6.66934165882198
2000-03-21,-0.295834763604389,2.1910147149898176,4.875771353241652,4.808126705743988
2000-03-22,-0.03432281362120043,1.8026203250397552,4.247066709908909,4.60922798479518
2000-03-23,1.0630717941192656,0.8608863850616965,3.6008808915384827,4.4174196583535394
2000-03-24,0.4219452609216582,1.2394770439494622,3.120074769141526,5.50239406673564
2000-03-25,0.39581481139800784,-0.4752184379848867,3.31285624315734,5.053513517944899
2000-03-26,-1.156304289411007,-0.06756700206548866,4.616425894019583,4.864577881354047
2000-03-27,-0.5808422632363551,0.4067585970800746,4.625047283260359,4.239759211741434
2000-03-28,-0.2934136766915681,1.2181304271758047,4.663726627652737,5.504802241801837
2000-03-29,-0.48170465321239375,1.3829884285647422,6.365345017729561,5.131838231379295
2000-03-30,-2.1506513845663133,3.6038394983271163,6.164117964620548,3.5491866268788113
2000-03-31,-0.7353848498515467,2.553872925976937,6.129806349285013,2.5486246310297194
2000-04-01,-1.552315722724103,0.6453250799730701,6.317362878218135,3.228393374801168
2000-04-02,-1.111269628450748,1.3180663942202164,7.35388818017287,3.3477122990552615
2000-04-03,-1.4137311284157583,0.323346958012213,7.902010834682285,4.38224292363505
2000-04-04,-2.298672627515489,0.5162425798420582,9.588324173871047,4.575806234014906
2000-04-05,-2.8784912605994757,1.7804622525174467,9.890064590020533,5.151684605434548
2000-04-06,-1.7955925248934044,1.2842718067610408,11.108313908570361,4.43604029748384
2000-04-07,-1.5948333553888656,2.57901740320524,11.680081133226047,3.584898908107274
2000-04-08,-2.294985658126417,1.9983255482086173,11.504397265619803,4.108722154464231
2000-04-09,-0.6199868815932419,2.4728682752331412,11.74021573248427,4.1161300341574085
2000-04-10,-0.4254276937983805,2.6392498238168507,11.693276682392147,3.006106855127104
2000-04-11,-0.14392581773041885,4.302693080250271,13.043272351549096,3.275702680895396
2000-04-12,1.009476417575144,4.572672755208073,12.86217452946367,3.809461568673968
2000-04-13,2.120344724636317,4.540040478052371,12.699746661155178,6.0856858045300015
2000-04-14,2.4983099830468554,3.9484457752074684,11.309727340771147,3.8960526540688893
2000-04-15,2.378492628632431,4.123157534796639,10.470438745971467,4.061104671991865
2000-04-16,2.379440876019401,3.2610294584793995,9.247746713773008,3.3866014450878668
2000-04-17,1.834215171896823,4.961116052783146,9.130248334314798,4.626382088704927
2000-04-18,-0.5515772005360104,2.3176270734307245,10.11376376569353,5.629578754657073
2000-04-19,-1.70510929888235,3.807333340708844,10.133833523163005,6.242204858322824
2000-04-20,-2.540617784139645,4.345317880163814,10.558475821027804,5.329858923212768
2000-04-21,-0.7357058946688391,4.0449722641520935,10.678152036514382,6.6821104511433695
2000-04-22,-0.735675426335899,4.763414681211742,10.920328514616715,6.151692706254135
2000-04-23,-1.8006935706475145,5.737928889669524,10.927138229777063,7.916115051681752
2000-04-24,-1.665047642822397,4.955180722650801,10.820576261607194,7.7947762424609195
2000-04-25,-0.4701493305490174,5.656699768030999,11.214304356772864,9.386027677539706
2000-04-26,-2.298132368761543,6.7252505364659445,11.366278403570591,9.157668277658194
2000-04-27,-1.99111384619375,6.860982216119238,11.110007002670068,9.252081900243695
2000-04-28,-1.3219500207462223,6.874931650531798,9.69155560197612,8.965743582447883
2000-04-29,0.19792801606163368,5.380648852032763,10.018525653834775,8.630332812894098
2000-04-30,1.3356535079726204,5.1128499088935575,8.703524379397782,9.322873446436404
2000-05-01,1.922857005120893,6.289918825763993,9.060285383299664,9.965785987193286
2000-05-02,1.6950682358191975,4.62442860412633,7.543984670959471,9.935880851630886
2000-05-03,0.7322585018651081,3.829040404550707,7.064218082766303,10.559382522943718
2000-05-04,1.0535570994371515,4.237630785466464,7.11005852429727,10.743531812384205
2000-05-05,1.7416639459313497,3.793378898856723,10.218263367887737,9.694208405990372
2000-05-06,3.2995983505756756,4.117787006568339,10.84213017581165,9.830767089940787
2000-05-07,3.783465360017466,4.772464984029499,12.235288891865094,10.864149144374824
2000-05-08,2.560121038084871,3.6650955593092553,11.688812754364845,9.712823954944126
2000-05-09,1.9826440482478684,3.1963453235918586,11.18510543508504,7.882583349652618
2000-05-10,2.30579040144068,2.947111627321946,9.958303630768789,8.287702682261076
2000-05-11,0.9262224258400884,4.406919319873353,10.323778604163579,9.398099602579839
2000-05-12,1.8474025587809373,3.991434465456231,10.534774252015387,10.847524085930644
2000-05-13,2.949531943463687,4.78671273390519,11.355661471813175,11.093458024894838
2000-05-14,3.3028179966601448,4.043927099375278,12.573291190913297,13.23151518885757
2000-05-15,2.177933303903025,3.311192769687233,12.677037321860093,11.36471378735912
2000-05-16,1.8950469117152997,4.3278024649393405,13.183089311144915,10.067442051820327
2000-05-17,1.3464504466028062,3.706025445607656,13.185548058050475,9.686121294558086
2000-05-18,1.527356949471898,3.3852507552966977,10.74268645274061,9.841436336644625
2000-05-19,0.196387353971345,3.255571934158212,10.81459128036186,10.558096381060368
2000-05-20,-0.3159957318877662,4.458740250230558,12.193251826257475,10.79867819398463
2000-05-21,-1.7926164501303803,3.5643354400803418,12.39735741401281,10.486567196464286
2000-05-22,-1.277926631928263,4.945596951753783,12.614933665357137,9.848917730561782
2000-05-23,-0.9076304720949249,4.150092768786404,13.249744685375797,12.07901387972734
2000-05-24,-1.8318979362203933,4.798732515649881,13.69219867505146,13.080936816736212
2000-05-25,-2.5546547606521015,5.079430907818296,13.45364750691284,12.312561637792275
2000-05-26,-2.0797633239084097,5.342648855595706,13.779491425560733,13.767768332201126
2000-05-27,-2.3845243945494285,5.040401086063533,13.35104696485688,12.180342263704032
2000-05-28,-3.0412956022440025,4.423884093049113,15.02706419975487,12.213984885174918
2000-05-29,-2.6945167534412127,5.55450364974082,15.042406888446612,13.01283542863896
2000-05-30,-2.4367119246791464,7.627833703550826,15.000482497066203,13.498049386222265
2000-05-31,-1.0205163886061106,7.703841208984708,15.318609541994032,13.150575197847509
2000-06-01,-3.6527766986092356,8.803663784956846,13.547025902744288,14.48015788051948
2000-06-02,-3.1890803968383095,6.085163484167458,15.708181662096086,15.340379299172573
2000-06-03,-2.9998184938745918,6.450771742442966,16.236422464345093,13.662848980605665
2000-06-04,-3.193585826220565,6.269215848708255,14.221111701056387,13.298801407884493
2000-06-05,-2.088510906738585,7.581791046099557,12.370094292482962,13.5826060596348
2000-06-06,-2.50971884164322,5.825474103579051,12.504830971658528,13.489360154351377
2000-06-07,-2.3693043100432103,5.184519995648771,11.216894796831816,12.88738090184272
2000-06-08,-1.8947522337455418,3.601183514830206,12.401322760323074,12.90950328891965
2000-06-09,-1.1427792634037985,4.321074949969508,12.403575138244088,13.427522245536831
2000-06-10,-0.8594029867375866,3.0412137331265665,11.163205408159037,13.214597149812155
2000-06-11,-1.2245397149920079,2.3719194791788274,11.733214090794908,12.797601361625404
2000-06-12,-0.49928188210244895,2.763826222695456,11.960402603069912,11.96806576401514
2000-06-13,-1.1991291082495232,1.7361035707142047,11.102412628176138,12.933509111093365
2000-06-14,-2.1901658354318227,0.13238194515740043,11.365512621884214,13.73513798076832
2000-06-15,-3.597586038699129,0.21736879548420007,11.44028756795944,13.859815072201165
2000-06-16,-4.598529180763958,0.4109148532161747,12.851109854218283,12.577370771100723
2000-06-17,-4.066143358857847,0.6214658084622395,14.055347002231642,11.825390499317782
2000-06-18,-4.111237667192716,0.3478881352154173,14.609271215130711,10.186355567582064
2000-06-19,-4.396369017108503,0.19184966179137983,15.236108525095862,10.051348212328616
2000-06-20,-3.0758801372195235,0.0067932843436832036,16.249309715891545,9.59758382702111
2000-06-21,-4.122066128180492,0.27167723857144105,16.051064051082548,7.778488251895364
2000-06-22,-3.752485738060266,-1.8205977276261132,16.577211262544793,9.814899082622555
2000-06-23,-1.874058302180799,-2.3881656137847793,16.98856739358516,9.92950072166018
2000-06-24,-2.343546488883322,-1.7271260234997778,17.403309365204972,8.777340700979636
2000-06-25,-2.1289465737108335,-2.631383633593133,16.393972412259046,8.368127199924112
2000-06-26,-3.27084050671915,-3.3552208164990196,18.219907805314758,8.48574645790567
2000-06-27,-3.5367027161914333,-4.028416378958248,17.477618389669225,7.95685580102196
2000-06-28,-3.872705375231331,-3.40938679571863,17.581606971473235,7.492568771244205
2000-06-29,-3.543422773763825,-2.2176952838457122,17.877200094613794,7.265913457226662
2000-06-30,-4.841002050034238,-2.7433433939953393,17.570638071522513,8.776524779618711
2000-07-01,-5.402417875016298,-4.328634242185689,16.106781430339623,8.577973312155407
2000-07-02,-6.6484455515925145,-3.7572263075422576,13.611191573239585,8.512785960709149
2000-07-03,-6.032620965395337,-3.137843993126675,12.084792046241862,8.335890439749784
2000-07-04,-5.788210247296064,-4.262741393293466,13.086015072665539,7.087285452902928
2000-07-05,-6.772336092889741,-5.542481067926221,13.553035869530826,6.66531196560727
2000-07-06,-6.699467707468819,-5.573382668638765,16.577556768461196,8.81731280132696
2000-07-07,-6.221867131947342,-6.929648626358086,17.974139693467915,7.896135558651139
2000-07-08,-5.678567622706629,-5.379551460408955,17.102701385720547,7.990162306679806
2000-07-09,-4.75438806432572,-4.047946293438195,16.194057482649526,9.105932892544969
2000-07-10,-6.414840720825101,-4.4978072398151445,15.380580269880927,9.827246187335689
2000-07-11,-5.237595491226043,-4.650325312871024,15.205070129314299,11.845357800276787
2000-07-12,-5.87002475748585,-6.199679142535284,14.673160680242486,11.290923487431932
2000-07-13,-6.079435165501074,-5.819091883384691,14.889910720177896,10.495867572687454
2000-07-14,-6.5683613547656154,-4.583106017453553,13.829016626434635,11.337380371612289
2000-07-15,-6.39228178734164,-5.004746806709343,12.716228920473187,11.442371624630114
2000-07-16,-5.538070607272896,-5.316525900635444,11.219255115094612,10.74189915918632
2000-07-17,-5.551239222708735,-6.465739890224244,11.498421909774518,11.791912907411605
2000-07-18,-7.4877316523129895,-7.149291239886766,13.476620621962859,12.589695998914957
2000-07-19,-8.836303532057071,-5.4619769919793795,14.054531348160435,11.809361535703799
2000-07-20,-8.741591261854722,-6.604334631256544,14.419260765627142,11.395034914781581
2000-07-21,-7.96505852788213,-7.127965824118884,14.41992063084195,10.908661122324682
2000-07-22,-8.374776554430053,-9.239147361012868,13.25318709307945,10.931797922053084
2000-07-23,-9.695514350393154,-7.896365579091639,13.300964546558475,11.329234099433782
2000-07-24,-7.108440506772505,-7.68510618760003,12.226202891912656,11.798177481613699
2000-07-25,-7.659294681173924,-7.181981176777815,11.4406698142942,9.488313924667773
2000-07-26,-6.4112424649297735,-7.826628531465637,12.17825051853401,8.917590010753594
2000-07-27,-5.663711032233548,-8.50563378687989,13.93597091936903,6.953945712742577
2000-07-28,-5.089690317456827,-8.642533785309741,12.385897067911122,8.79844033994753
2000-07-29,-4.735386139842791,-10.092204050250688,12.129995734781602,6.094261513672068
2000-07-30,-4.958950387839129,-10.58613114018212,11.871705038415719,6.598667998567031
2000-07-31,-4.320043832860813,-11.5260217812761,12.645202359896466,6.008644733873566
2000-08-01,-4.4731395198603705,-11.123995047396377,12.929100154047797,7.3795741553726195
2000-08-02,-3.727078604205411,-11.047594838561613,12.303590578589521,8.00477293735815
2000-08-03,-3.022119245400589,-9.419362194868642,14.707671773104115,8.364512185771732
2000-08-04,-5.117596281802572,-9.077965440562009,13.877568026339924,9.712526689474595
2000-08-05,-6.998327031429128,-6.088328145154037,14.16724796332598,10.613083255035532
2000-08-06,-6.773579294545862,-5.3262769286611436,14.135595862287296,12.357385237975883
2000-08-07,-7.383076574409469,-5.357050031406993,14.290036818302202,11.988124176951327
2000-08-08,-7.402337987281889,-5.67797028570569,13.854847637811076,12.037248596074408
2000-08-09,-7.183497599799657,-5.1113528842737646,14.875187370673144,12.576772779553025
2000-08-10,-4.137717481662369,-5.1435940686482535,15.718149957568205,14.23092191956016
2000-08-11,-2.7400547048533914,-4.641017994894346,14.306265386965453,13.590864071267333
2000-08-12,-3.162252070090849,-5.428940208451395,15.31026203358926,14.089058354165756
2000-08-13,-3.7718576530535217,-4.360518021161068,15.556515896467145,13.093697569684144
2000-08-14,-4.196246544696829,-3.2818806471952557,14.362257549862724,13.386228424608959
2000-08-15,-4.203272703865014,-1.9823304724878186,13.912291670562267,13.28140758612226
2000-08-16,-4.243978092448819,-4.109686359200122,15.05781484245659,12.668415443886849
2000-08-17,-4.946643668094014,-1.997302254712766,16.734961566435196,12.966540941587564
2000-08-18,-4.315935860046008,-1.1675322464928206,17.525798784049925,12.639775985384066
2000-08-19,-5.507293788666714,-1.8915002114123423,16.87227898161742,14.405841379583098
2000-08-20,-6.935419416359078,-4.494645230419598,18.066269810043803,14.408758856448522
2000-08-21,-4.722487368681692,-4.155912105540385,16.347385669273603,14.547783411530887
2000-08-22,-3.657717593714116,-5.793141385875092,15.793871145382663,14.846840052007577
2000-08-23,-2.5822491504598073,-6.105170103501484,14.83393600993589,14.053665976551699
2000-08-24,-0.22195698663996666,-5.433203572600625,14.044926962889297,16.328793376628674
2000-08-25,-1.0111307565198877,-6.770689775517293,13.135168144832948,16.31347050604482
2000-08-26,-0.35584506445112685,-7.780263208344479,12.320175553984686,15.250162001658044
2000-08-27,-0.4261929726703656,-5.974524622185509,12.245321350743911,13.640525004926724
2000-08-28,-0.20096966395159685,-4.9331496880311745,12.767122534584802,14.179824896449889
2000-08-29,-1.678589077845605,-5.693561875605418,14.364684579563885,13.550105194039324
2000-08-30,-1.4773366680210782,-5.012758276812481,15.180497910553022,13.236749615801424
2000-08-31,0.1288368359572043,-5.853436997820403,14.5832009274756,13.199072950663142
2000-09-01,-1.6586097220398974,-6.347934243530551,14.935337155029213,12.467478900464311
2000-09-02,-2.3429518085359593,-6.7178040685466565,17.20768340602436,14.911934421765249
2000-09-03,-2.6570925059637047,-9.138301924496552,17.31441794393157,14.943702920902354
2000-09-04,-3.205291607894011,-8.986858647133431,16.200234477400553,16.00778103338808
2000-09-05,-3.631523893096503,-7.862178651705501,16.620358727193555,16.406269272858722
2000-09-06,-3.6777837381445555,-9.047506036533314,16.17483909718076,16.373311597973174
2000-09-07,-3.189116870871262,-8.837892564351147,15.491453238947551,14.304266045909655
2000-09-08,-3.807027102815976,-9.120445517024981,14.715351691437176,13.279666116710414
2000-09-09,-3.2715102423442692,-10.752520436369133,15.933957940631768,12.370088911538112
2000-09-10,-2.9462111692398274,-10.137490204353742,18.259331163822605,12.054234727284369
2000-09-11,-2.9409237568123876,-10.83054067359903,18.083537662840307,12.148946552760398
2000-09-12,-2.977364993329977,-11.650719837914378,17.024029567028105,13.362191994710281
2000-09-13,-2.738717081531065,-11.393598805073026,17.50598411277379,14.298773248884881
2000-09-14,-1.2650657727863672,-12.232526191418255,17.763513693055152,15.00065503060878
2000-09-15,-1.0908126790069392,-13.510223561389015,18.009572892246798,13.756592658407993
2000-09-16,-2.2596535101030506,-13.389821767201841,19.02802950610333,12.520253098714093
2000-09-17,-2.8628503729215127,-11.47289931754994,18.500853679421546,13.031148791410644
2000-09-18,-3.693880838610774,-11.337249956108826,17.907519844587913,15.147669279032815
2000-09-19,-3.388776353918641,-11.279119876640163,17.96700529551885,15.370485070425639
2000-09-20,-2.8387089161578762,-12.828372913355999,18.74410438638741,15.74261601992703
2000-09-21,-2.624471674341725,-12.173752307406243,18.84225384793571,15.854209171171476
2000-09-22,-2.347268265615143,-12.128230868406774,19.986453418710873,16.12041662859142
2000-09-23,-2.9999370269771886,-12.182474543357454,20.329059512135284,16.177328818903508
2000-09-24,-4.983825136697522,-10.193215858460267,21.789966942684455,16.91762738887871
2000-09-25,-4.360221763543892,-11.134941462121288,21.810780036730915,17.320585698005406
2000-09-26,-6.154982319373939,-11.04839639875647,21.82958142950951,18.56656014068843
2000-09-27,-4.983816718391904,-11.425707415877467,22.203938704827166,18.580338920521587
2000-09-28,-4.128180502074861,-12.887500164885378,20.817213851806073,16.983156830918354
2000-09-29,-3.935105679808066,-11.958428012675245,21.380846624851685,19.456031405286346
2000-09-30,-2.9310597908249507,-11.377899791067271,20.37765940041262,17.559424421861056
2000-10-01,-2.746336946049808,-13.547635556112875,20.84188766641511,19.07574120280408
2000-10-02,-3.3615463346954537,-13.511053492390312,21.43488290818363,18.090551343992757
2000-10-03,-4.439929470382989,-13.400591658276932,21.358155842068516,18.484028111979306
2000-10-04,-5.732055602988612,-12.869640985834089,20.790455513177353,17.51243478917214
2000-10-05,-4.4911217812764415,-12.841471306634917,19.69363557400263,16.73821995827689
2000-10-06,-3.014892578064728,-12.107393231314397,20.184321977151363,16.605844436281245
2000-10-07,-3.3765584425271062,-11.52536804290359,21.38516631463992,19.289577548489977
2000-10-08,-3.7365296927936598,-9.90535770289419,22.880309327906726,20.51171612062881
2000-10-09,-4.265067525708887,-8.961852205546336,22.19598789097927,19.35210455270224
2000-10-10,-3.371950493294854,-7.924941657527768,22.592326774539814,17.657308241385103
2000-10-11,-2.0457933563258788,-9.482965864937507,23.213661373761816,18.195848769721064
2000-10-12,-1.4006992940224887,-9.043174399441748,23.177126977819515,17.10218104810683
2000-10-13,-1.4641267889157001,-10.038421421331668,23.840638881124406,18.78782649518936
2000-10-14,-0.41760636506254123,-10.535663159626047,22.770371234498597,18.036599435729517
2000-10-15,-1.1840224580974497,-11.733669666198882,21.1968635475643,18.366423128820667
2000-10-16,-2.7752474511429073,-11.886631558076203,21.243520257469886,17.442701210153754
2000-10-17,-2.315326508576214,-11.60734634487729,21.36825872143707,17.84646969968874
2000-10-18,-3.4372890571797567,-10.357967209168772,22.759243173293523,17.096309191897152
2000-10-19,-2.8187072847366412,-9.953501595447817,22.73443537863905,15.702573202842986
2000-10-20,-2.090921494871418,-10.376489879607906,21.695439882512694,15.378475356559264
2000-10-21,-2.1521620731129985,-10.417781624785754,23.877659530418185,15.702468289824992
2000-10-22,-3.920413316172056,-10.286753490466054,23.307585790557695,17.713255044865075
2000-10-23,-3.8180687559887794,-8.92521192242155,22.33970770922825,17.83542455713619
2000-10-24,-2.514670072456396,-9.793297189260858,20.809346718558103,18.47147702222119
2000-10-25,-2.2758820808645117,-8.655706370476235,18.89314972485849,19.31742269148363
2000-10-26,-1.7233917481145997,-8.979494139486174,16.009521670450543,18.583503986211287
2000-10-27,-2.4328812694468684,-9.852138624780206,15.011461133531691,20.162424173392907
2000-10-28,-1.8053109616246812,-9.8609724460201,14.086290480247333,19.67961989299892
2000-10-29,-2.1537108502382143,-9.010970972731975,11.621201518936665,18.537359458332652
2000-10-30,-0.4410088352468464,-9.962617774626226,11.325776497631951,18.367346381139882
2000-10-31,-0.5784800485935137,-9.692069862780047,12.344202794620301,17.90953918150665
2000-11-01,-0.5682554737012401,-9.107878754238454,11.688961253451822,18.548620878973992
2000-11-02,-0.6743054805971802,-7.76173781953325,10.766510072940108,18.267601349060882
2000-11-03,-0.9650211913331552,-8.034739796002853,12.419252133811497,16.45662605726712
2000-11-04,-2.0005068547078197,-7.912120038354629,12.45972741970361,16.274411114829828
2000-11-05,-0.9779256710808828,-7.299244264419297,10.526394177753081,13.521998689078544
2000-11-06,-1.3179397601442777,-7.025730610310971,11.062027600315194,14.42932286458736
2000-11-07,-0.9315619987029363,-5.890551844167918,9.675385748749404,12.592880223535726
2000-11-08,-0.995947936531497,-6.5795340071586095,9.186290172384147,13.158509616106493
2000-11-09,-2.4893261364258987,-6.31213848035798,8.501368049676048,13.423788801849506
2000-11-10,-4.63344091071132,-6.988617079541143,8.562394715049226,13.8386202909279
2000-11-11,-3.7094947185916745,-6.922605329573006,6.811223070169776,14.125452313682867
2000-11-12,-5.177784863744419,-8.041640871261286,7.992468980786784,14.505213316642907
2000-11-13,-4.6077612224517575,-8.365619243040813,8.930419061188445,13.366681841258716
2000-11-14,-5.226545311879944,-9.229022947332949,9.389779764303045,11.65710566090986
2000-11-15,-6.557574095318238,-6.770912268288729,9.68353231294647,13.479767691856729
2000-11-16,-4.946491892459253,-7.995481981833645,10.432955879296808,13.037103283776442
2000-11-17,-5.438145609564199,-7.875665773977031,10.795043422302628,14.873781333821892
2000-11-18,-6.012137880547957,-7.937930888984319,10.84685239268877,12.91400566999259
2000-11-19,-7.308979793662176,-7.492587985461941,12.962401533284833,12.697647541804889
2000-11-20,-6.175900678769111,-6.758595527095409,11.925521915413718,13.684866042628258
2000-11-21,-8.066098084377467,-5.067716276418667,12.314766552109857,14.305221354185868
2000-11-22,-8.67571113913054,-4.674143316835484,12.277077774437949,14.975273784970442
2000-11-23,-6.742584197413686,-5.671959868823923,12.409477800891537,15.006667477951032
2000-11-24,-6.573918689541308,-4.425967320069057,13.533128022660323,14.511127774746017
2000-11-25,-6.106969429802137,-6.396550455178045,12.627900273096465,14.145779713287297
2000-11-26,-6.8461359975218965,-6.496894161198727,12.242654015716163,16.13260686960351
2000-11-27,-5.776520249200056,-5.974913877852071,11.802069942791174,14.597978838731159
2000-11-28,-5.13181160132107,-5.776733567585731,11.092803577308548,14.796347747931419
2000-11-29,-3.808599304678186,-6.218426578869523,11.403535551362479,16.06679943687505
2000-11-30,-3.9590913547627244,-7.652175720945923,12.61937413059217,16.27520776920171
2000-12-01,-3.0685150095734044,-7.77870175628033,11.837632246614824,17.05353087972571
2000-12-02,-4.350335770605067,-7.027929471424729,11.367935539480493,17.087415532121724
2000-12-03,-4.903272456087257,-8.27536961079947,12.566995688644747,17.442969477267308
2000-12-04,-4.375132994440064,-8.345704374340265,13.499662529388951,19.279337987354985
2000-12-05,-3.6980499801978794,-8.35837042048991,14.195380683438467,17.65366301998834
2000-12-06,-3.962168604509786,-8.37590105475211,12.530388677997278,18.75997948520732
2000-12-07,-4.946596251416538,-7.392190330247549,13.543047599668773,18.673342607971975
2000-12-08,-4.213879643412268,-8.129745029257293,14.4904774786413,19.081507530800668
2000-12-09,-4.25444418542172,-9.060512790136734,13.863400389631064,19.21611227596096
2000-12-10,-3.978097848142057,-9.50132137488496,14.264726888891373,20.967354832731473
2000-12-11,-4.409856572386764,-9.180852105470509,14.288113280177074,23.07047624108735
2000-12-12,-3.9960991144499403,-9.890415100699268,14.414305701316112,23.082441534130837
2000-12-13,-4.367115226598302,-10.300861865988944,16.40711319547368,21.637735832204623
2000-12-14,-4.375805379250367,-9.562941203806929,17.456245231208705,20.698255007930783
2000-12-15,-4.291797521981815,-9.356222298864587,18.371847649675118,22.431849254171166
2000-12-16,-3.3417861682082566,-11.232697335906026,18.316798528061565,21.88822266590388
2000-12-17,-4.689430693632628,-11.776803726076563,18.73965561757457,21.857003666213572
2000-12-18,-6.272810039192362,-11.943515834146552,18.672127510557566,21.22061760328084
2000-12-19,-5.483894894295929,-12.719291385816236,17.12208620249375,22.143165025882364
2000-12-20,-5.34403897170541,-13.214752023167502,17.668471693203898,22.983995339417397
2000-12-21,-3.957982123301842,-14.341893167810081,16.91459670338427,23.657724447614942
2000-12-22,-4.050334881780312,-14.155177327044031,15.316180160155547,24.202135130325807
2000-12-23,-4.658914889819904,-13.878285397685943,15.726835606477911,24.059727085473504
2000-12-24,-3.327153100725403,-12.969093498004227,15.20079767873396,25.179619110010663
2000-12-25,-2.650640205051536,-14.513663631162848,14.826989314581557,26.14519185594044
2000-12-26,-1.6966374627192793,-15.2604845101266,16.63526947547035,26.26637432856225
2000-12-27,1.8952358788624584,-14.29978313357295,16.38261197518546,24.719204905382686
2000-12-28,2.224805620645806,-13.097687163977001,16.95808944116485,25.896215755010846
2000-12-29,2.2636073220674717,-12.726930148514187,16.009506999325456,26.458694161064503
2000-12-30,1.3750860180836848,-13.563601052675867,16.173924569180095,27.08667407365622
2000-12-31,0.21383323533690501,-13.235793094274609,16.221382050159043,26.474731057701817
2001-01-01,2.3649368151246666,-11.111426285598512,14.05821680589862,26.296979332537973
2001-01-02,2.894616160357764,-11.017672215870437,14.7368854308798,24.313575611474455
2001-01-03,2.3846421035094396,-9.659124844487568,15.482949669355746,24.00589255585062
2001-01-04,2.3584970576613284,-9.836680176399517,15.388632809572407,25.0880679673327
2001-01-05,3.6447801934855386,-9.030796214070842,15.359789315474377,25.72569803138572
2001-01-06,2.065514220600557,-10.384213039352309,15.675076412460516,26.049735310714855
2001-01-07,1.8421484551043796,-10.440013146513184,16.558118765439584,25.197070416976846
2001-01-08,2.6877476915393674,-12.165130847680015,15.50718700240713,26.24409465550975
2001-01-09,3.104092147340079,-11.039809501543553,17.20835242959252,25.571409838698695
2001-01-10,4.0374598866014475,-9.15373135224294,18.36234232740171,24.489480248238117
2001-01-11,3.8814494641393305,-9.094627598961793,17.321069573152,26.171023199490747
2001-01-12,4.238742139806395,-9.823853212771326,16.75134111007216,26.885598933068287
2001-01-13,4.33396634018615,-10.472247012886843,17.604689814370033,28.174472729332916
2001-01-14,4.816377464058586,-11.08294604088023,18.244006070835933,30.23496247114702
2001-01-15,5.955621893577822,-11.211790281967481,16.937378820894157,28.71999257063446
2001-01-16,5.354070830977562,-10.612338098747136,16.552134309951867,28.721692577007918
2001-01-17,5.1110649106897235,-11.210357545396619,15.910741181130415,29.309266959972504
2001-01-18,4.6634002331465325,-12.493855537204585,16.343754540360102,29.554722341955348
2001-01-19,5.805407964360129,-12.020598375789397,14.879922001645234,29.886264030370036
2001-01-20,5.808274599853331,-10.310575897094168,14.708946032541318,29.894813623524804
2001-01-21,6.614009452694295,-10.430559772734366,13.655713060459576,30.04925798728474
2001-01-22,3.8581084205916922,-10.087691875308497,13.026967516476223,29.517037331790753
2001-01-23,4.755668999654614,-10.61429815378,12.072346224156847,30.95795587880017
2001-01-24,4.772077209923484,-8.883050517953537,11.371991898843962,31.15511839197855
2001-01-25,5.951690768888594,-8.396158523705289,11.988289751696792,32.07111119987038
2001-01-26,5.208140750104814,-8.27598314159864,11.848388758656286,31.691721128123476
2001-01-27,6.059788606279193,-7.707843554483571,11.846213125653675,30.419995243409673
2001-01-28,6.007360720718422,-6.723813739011986,12.033680045957949,29.93460100718774
2001-01-29,5.352176024961786,-5.360127356668474,9.877114864354525,30.712055492338234
2001-01-30,5.792271637413287,-5.748962732155478,10.133766276497228,32.44991418282252
2001-01-31,5.955650302737688,-3.6857675082624697,9.154363148239309,31.088757579117274
2001-02-01,5.068816517740516,-6.272942929932211,7.672340810131786,32.115907237255016
2001-02-02,5.650228577319049,-7.336842871004499,7.418562636195923,33.045784516620046
2001-02-03,5.614107227524362,-6.621606367161985,7.741941932290643,34.26628838763253
2001-02-04,5.8823541463792814,-5.004630699003877,6.642954748799594,33.048299866190966
2001-02-05,6.41087141663059,-5.515898080381125,5.065288094434367,33.259745395338676
2001-02-06,4.649131868094357,-6.032984451294484,6.276666462226583,34.98958613318293
2001-02-07,5.275561701718906,-7.0586270183243895,8.096336608041112,33.184685244560235
2001-02-08,4.841549029421863,-5.74586241739956,6.1227883608826685,32.90829422486966
2001-02-09,4.710993969010149,-5.979964237718692,6.1726762904367805,32.68332269800885
2001-02-10,3.2984572067712303,-7.11388774335183,6.402898785786005,33.3671277106917
2001-02-11,2.3114467314903098,-6.8904181421913036,6.429794019724163,32.73722660576656
2001-02-12,3.5921482557452906,-5.975937853189028,5.1221467038907464,32.84956819865951
2001-02-13,3.951747314050908,-6.249444374803114,6.471494636432418,33.054989097289145
2001-02-14,2.833060692082604,-8.62788245059383,4.382036802594485,31.382287969631715
2001-02-15,2.6715163965375197,-7.331783013007508,3.237333186005329,31.632006009768755
2001-02-16,3.7051960345241977,-6.209818605637469,2.458142943044091,33.06375972246745
2001-02-17,3.429048443080427,-6.726345824876905,3.577130516456433,31.968373664141453
2001-02-18,4.025239774681609,-8.548625402777795,3.132070077357591,31.729403401225206
2001-02-19,5.932262319895949,-6.4351583949970514,2.418297855912204,31.619151054541593
2001-02-20,4.918300651872735,-6.736128729258549,2.5890060080029103,33.31167827156539
2001-02-21,5.02820627267739,-8.67132197585454,3.149569214161126,32.7452492938984
2001-02-22,4.8845265442862384,-9.064074518150841,3.9079114750091546,32.667477229623785
2001-02-23,5.493135190939498,-10.797746189478406,3.1412654801668416,31.71698953145647
2001-02-24,4.69792819073323,-10.829384213950751,3.323230366031803,32.039440503557124
2001-02-25,5.610044347686533,-11.551175445460382,4.736745917103302,31.820179407272754
2001-02-26,5.5135439502349755,-11.760650177393355,5.117116166157525,32.69742761822828
2001-02-27,4.530067487225389,-12.513448466632779,4.580807783163251,32.535020149702746
2001-02-28,4.054931264917762,-11.9862326326188,2.0908096066383672,31.565674832442426
2001-03-01,4.934115681878288,-13.104952277797855,3.4711665750640632,30.92559202460794
2001-03-02,4.9268922067861185,-11.328433582826012,3.470952606747964,31.87185435781451
2001-03-03,5.63870352795359,-13.235115107512518,4.3480906877943735,31.722620065367657
2001-03-04,6.214923639819785,-15.498185305167976,4.900534565872286,32.575386672706436
2001-03-05,5.9314877952329965,-17.310051174252933,4.902681399668213,33.45971456803466
2001-03-06,6.277380001263472,-17.073701042997552,4.207324933352467,32.50103562997152
2001-03-07,6.980932448492757,-17.43861716926728,4.787571679476904,33.12372516942289
2001-03-08,7.758296663323408,-18.479367870470238,4.364899100221486,33.75351013809809
2001-03-09,7.954427334804494,-19.38890282514686,5.582587152805153,34.119971547411886
2001-03-10,7.3656877625392845,-19.446015938801047,5.169230148275559,34.7322995617154
2001-03-11,7.4457796727171415,-18.882013219330126,5.666181449314394,32.75616316311585
2001-03-12,7.259877895280822,-20.0511791666738,5.033093488084001,32.17227432232153
2001-03-13,9.217459967339835,-19.203448628068152,3.052413365868118,32.423078685512515
2001-03-14,10.342870991139078,-19.062328903688403,3.764833118569184,32.77603937524887
2001-03-15,9.819927539351932,-21.24975913710712,3.4978077197127053,32.810609670770006
2001-03-16,8.988559015532704,-23.715790340588967,3.24910722388985,32.42207939194576
2001-03-17,9.578538739774254,-24.035631612178747,3.7373316174100775,31.706391453931523
2001-03-18,8.477930316219734,-24.030249222007352,3.937376447727207,32.2016942836621
2001-03-19,6.666886735806738,-24.709033878129734,4.522437908257952,30.210039226679925
2001-03-20,5.322005790416993,-24.37082112548335,3.417936291381102,31.2230009575768
2001-03-21,5.147642517377534,-24.73635806045938,5.673468570955149,31.43253246287507
2001-03-22,5.496285715568281,-26.072022000457103,5.801897775715025,30.492749665598726
2001-03-23,4.998212438811458,-25.73399666763759,7.236979878642446,31.14088535716798
2001-03-24,5.041388707800572,-26.08720362360441,8.123246787699527,31.097630675914747
2001-03-25,4.401682931378969,-25.68240817353347,8.714022189673486,32.24654465925959
2001-03-26,4.718917724112873,-24.906032716428783,8.042670152003295,30.864907608722326
2001-03-27,5.69210217309036,-25.32247471365188,8.091990094036039,30.477545199945986
2001-03-28,6.292261017058637,-25.11958986231747,8.142476890591373,31.084435907633196
2001-03-29,4.65387167860745,-24.708378005224876,7.686503278971062,31.747113705804658
2001-03-30,5.578445640702615,-24.92149601499395,7.029327528033089,30.82398307563989
2001-03-31,6.657978256945524,-25.313726665950394,6.045896924670654,30.494761302816272
2001-04-01,7.381524160871427,-25.502533091547434,7.2231791905400105,29.596112882047183
2001-04-02,6.736954573391622,-23.783061533747098,7.971397954333164,30.56472814944319
2001-04-03,4.955159315860959,-23.055887113008243,7.328009057932439,30.255983139045412
2001-04-04,4.928335747411877,-22.374293318303064,6.757099494919858,30.3054259568245
2001-04-05,5.7215529743358,-23.033031997639643,5.574156624106736,30.346147447098154
2001-04-06,4.600605091989855,-22.232690934468064,4.403388953662433,28.84809188611462
2001-04-07,7.198966405124534,-24.428472279563966,5.2105506462751965,28.51136466132424
2001-04-08,7.750493563020815,-25.39752411480162,6.146661166631262,27.27868236389675
2001-04-09,7.457532558123349,-24.976887321621202,6.8610193069286165,27.678007049400197
2001-04-10,5.09886032209243,-26.66920381996373,8.231373819437714,25.206646982024434
2001-04-11,5.7906202758792915,-27.28880164049476,6.973149823606759,24.14765871944801
2001-04-12,4.681047676015375,-26.098899518458747,7.5077339195519155,24.605926810335614
2001-04-13,4.983535626535854,-27.62709232645293,4.935684005123289,25.427447301687465
2001-04-14,3.752229500198541,-26.535902979159776,5.296714578633669,26.56021625503419
2001-04-15,3.965548116416114,-26.50276291836776,4.996109802290499,26.789200584714088
2001-04-16,4.709174147583786,-26.02675001659395,4.27392070982301,27.96849085557199
2001-04-17,2.5651437171311726,-26.824550721616884,5.758623793546917,28.324335010899777
2001-04-18,1.7916517283061142,-26.234334037041243,4.8847161629083065,30.1333589985951
2001-04-19,1.9741518266856968,-27.07089646535942,4.115869368498402,29.06811695001581
2001-04-20,1.0772841841370955,-27.188489201583508,3.7277819838093667,28.511522694359094
2001-04-21,1.6831736840368154,-26.848330340786397,3.304965993900015,28.95196118348813
2001-04-22,1.389917383230927,-26.90548107197164,2.8778731083625058,28.473764279015153
2001-04-23,0.9702106303518023,-25.903289255451117,2.8010572974763126,28.29287154379213
2001-04-24,0.004819056551289114,-25.280271538493494,1.4636950862173315,28.367899104827995
2001-04-25,-1.3021581975337937,-25.779216821410817,2.6192321563743612,29.422124046243972
2001-04-26,-2.0706665632305863,-25.213385854722247,1.9103862272400687,28.405917116693427
2001-04-27,-2.5809661267907904,-25.508041373750203,2.768073871055831,27.71232098004219
2001-04-28,-2.2329740766713924,-24.734730151289078,4.30740430826778,27.12054959294877
2001-04-29,-4.310721840674933,-24.06270739843537,4.632730370986828,26.294812714081107
2001-04-30,-5.6069614620536345,-23.810224566470968,4.289316762901942,27.468282476937514
2001-05-01,-5.517097617430192,-23.86057629763746,5.661174941814512,26.240988320794653
2001-05-02,-6.882612378380214,-23.505889891639992,5.474760978092951,25.015390832986608
2001-05-03,-6.015924247666105,-23.062283790316513,6.96855958994078,24.41293376097709
2001-05-04,-5.442545601085269,-22.781668457357135,7.61491369639654,24.826750940809703
2001-05-05,-3.5336482857448948,-23.107887952956137,7.2217933995974155,24.07173517855098
2001-05-06,-3.8634245302244428,-22.705268471922196,8.277641828350834,25.5454691795232
2001-05-07,-5.582923997479084,-23.242170638863794,7.913131621835694,24.834694133166344
2001-05-08,-6.412880866393241,-23.862543689787117,8.367419796613655,23.757403943497586
2001-05-09,-5.366270134129138,-24.627759522019065,9.077711787852959,24.731186998753824
2001-05-10,-4.45993503772623,-25.6184388476485,8.526194240850703,25.58596916944276
2001-05-11,-2.610197720120275,-27.050081359230315,7.0175973012528985,26.573342103399906
2001-05-12,-4.6455254353998505,-27.164710936442898,6.40501989884436,26.830214786019113
2001-05-13,-3.4878684304797627,-26.472924893058007,6.015862625580352,25.498961132813815
2001-05-14,-1.6722020008801255,-26.294957731214883,6.598038318772831,26.552370040889716
2001-05-15,-0.6634895143272905,-25.668948838983187,7.774206341416903,26.971109299658412
2001-05-16,-1.5322893543037364,-25.207697059164648,8.288503269091157,28.87879542524511
2001-05-17,-3.4878902504414597,-23.993880277046653,7.107513527281883,29.60899379218416
2001-05-18,-3.5346439080422796,-22.81368681799396,7.031033489208725,28.349530404760834
2001-05-19,-4.198773591900009,-22.13199394448747,7.386502041721946,27.658352351084307
2001-05-20,-3.261887824098392,-23.026441124976174,8.519015732281227,27.67754769732892
2001-05-21,-0.21831888990908022,-23.022543742122103,8.06223600608943,28.72610767804406
2001-05-22,0.4194633967715172,-22.69518678484682,9.17029277952235,29.395671182134777
2001-05-23,1.3403547348418696,-21.349539798042915,9.279523324031837,29.298393756068617
2001-05-24,3.683354199188907,-20.78768238234016,9.218746433077035,29.646209569757467
2001-05-25,4.339681966791975,-20.81930757351911,9.539239821132854,30.403363564937003
2001-05-26,3.876550918219908,-21.0299800190641,9.395951079347192,30.879798865761096
2001-05-27,5.3501187998006285,-19.780217895308294,9.870378341072486,30.261680053157896
2001-05-28,4.0582002909428745,-19.284631512245486,10.396190812543495,30.185299446626804
2001-05-29,4.93236696226455,-18.639327723685348,11.158628758805078,31.505988908474638
2001-05-30,6.13416892837816,-18.32045803412283,13.299066678241434,30.614948970340038
2001-05-31,6.151130630899268,-18.817226200700173,14.062823685930077,30.340948879622584
2001-06-01,5.929050985848291,-19.563880058620597,13.887512329211651,30.496830691372708
2001-06-02,4.920174649183876,-20.870765260218917,13.221516183941127,30.17156708412329
2001-06-03,4.595054683080121,-21.975917594369456,14.72813184624545,29.62296463192163
2001-06-04,4.681890317796598,-22.344191023797137,14.403625033279342,30.41020776827598
2001-06-05,5.533288426688141,-22.276297364603415,14.271690264365931,31.151806466511875
2001-06-06,3.566096367525237,-22.942655035855964,15.319609629116172,32.24505985351641
2001-06-07,2.520600051201753,-23.825239239555675,15.611207627116434,31.726880974235076
2001-06-08,0.08474863014270095,-25.732611828529592,16.023170113999054,30.440845270232842
2001-06-09,0.1872309095804407,-25.572377922899573,17.24431105631269,30.18442394696443
2001-06-10,0.7980507244000652,-25.288953072618597,16.158361272645728,30.28006763554633
2001-06-11,0.658691049678545,-25.4939615402347,16.62458035432702,31.48955693318341
2001-06-12,-0.3422718050845093,-25.244380613687728,18.299549914844555,31.740265853903935
2001-06-13,0.5294306831402908,-24.724290001753182,17.525691843916828,32.3979053840766
2001-06-14,-0.39331404297182204,-24.43311657643768,16.697803833057435,31.629677272383557
2001-06-15,-0.07251958096366146,-24.08232915111253,18.3826268236403,31.534521330467143
2001-06-16,0.9227489914429168,-22.44173439348273,17.82635462759621,31.234770812735928
2001-06-17,2.8498997771542443,-22.40536099913378,17.58787901788447,31.832158005953538
2001-06-18,2.6424880024766075,-23.037910189955316,19.089966848095365,33.13097397592625
2001-06-19,3.063096056269141,-22.70623638798801,16.28647912010756,34.338043713238456
2001-06-20,3.1248841858145937,-22.80617932869106,15.095030497571688,36.880609113530426
2001-06-21,4.289137843616196,-23.055729152549006,17.48934309454256,37.79348737633356
2001-06-22,4.332158388358436,-23.477650810483883,17.27822579993789,36.81497810365003
2001-06-23,4.6624737440312645,-21.651574983968985,17.551040448290898,38.273285389486595
2001-06-24,3.8592010489061135,-23.08519866849913,16.72851076456823,38.67185550674618
2001-06-25,3.292465514842515,-23.79063064587239,15.553657883010086,38.12906477325771
2001-06-26,3.031204894207263,-23.176333575713482,15.96275777163814,36.941616306536986
2001-06-27,2.6216538808958783,-23.45193836579663,16.790118028597366,37.30114843452837
2001-06-28,1.5741854126867085,-24.07301324457959,17.321123386236387,37.12260848088362
2001-06-29,2.4361399541305864,-23.837573433423845,17.080588416511464,38.850590669003864
2001-06-30,2.7587013622043606,-23.15283376619324,17.520593496887663,37.804691783907884
2001-07-01,4.134011619924918,-24.8159189982264,18.1526705366834,38.735184469292605
2001-07-02,3.922738046348694,-23.71348958424455,16.703519606349985,39.013633176246316
2001-07-03,3.0321805956369356,-24.447514102211617,17.39719656007882,38.38067431764386
2001-07-04,2.8275199785330805,-23.7128643279775,18.140382664442857,38.401254112859434
2001-07-05,2.64970389516006,-24.069233319695968,16.22048883832518,38.744815324281824
2001-07-06,3.3327101028825132,-23.77107751743244,14.964152212550689,39.15648633861413
2001-07-07,2.912252272180509,-23.72692923705247,14.48373295852427,39.1675435137885
2001-07-08,1.370432174122861,-24.02086252654905,12.885859105039385,38.94403219418227
2001-07-09,2.415832351785462,-23.80233865559812,11.57882074765608,38.17131497450731
2001-07-10,0.8994049771396422,-23.516455361678332,11.279218139951844,40.05143039151504
2001-07-11,-0.9730838626211651,-24.38334343537363,11.692519279415414,40.923067371294024
2001-07-12,0.6006259526679794,-25.312652228692357,11.695479181288633,41.76270451078825
2001-07-13,0.17118775448941198,-25.79514997200013,12.384968567970372,43.03853179096094
2001-07-14,-0.05310921275753924,-26.77424756454931,12.128881386670976,44.44925892926103
2001-07-15,-0.7086545612704289,-26.829234437518842,11.722309185533227,44.54814340465318
2001-07-16,-1.3520200711993833,-28.993632762984173,10.60544213096441,44.206222844433654
2001-07-17,-0.6190869860429447,-29.04341902128742,12.409177643476767,43.27721039754647
2001-07-18,0.5022230848848863,-29.655500544603882,12.71894968462525,43.49173108526577
2001-07-19,-1.6143292427391336,-27.452923201354686,14.061293169266348,43.84046603538651
2001-07-20,-1.0767663212377852,-25.807349510274275,14.052382871197267,43.33602378683514
2001-07-21,-0.5585170635970687,-26.02547351415186,13.544749527777707,44.20861691615458
2001-07-22,-2.11768023642312,-26.518143117299385,12.544958509576723,42.14852402399987
2001-07-23,-3.5337989778130368,-26.61800815754267,12.066279905374929,44.17500133785671
2001-07-24,-2.806228365223351,-26.292182124895433,14.03019432912174,44.798918409205015
2001-07-25,-2.5633065051132617,-27.022179790445424,14.07449418221706,45.42129294811625
2001-07-26,-1.1068396275950074,-27.736080359090373,15.426100705067725,45.130764238714846
2001-07-27,-2.3746381528699376,-27.803569474375553,16.121960031932765,45.852885373622954
2001-07-28,-1.4149196897120802,-28.141327652973544,16.610079852726514,45.65452274385196
2001-07-29,-1.1406046159007235,-28.26348007375243,17.7420064561332,46.45353741674149
2001-07-30,0.39391646030826255,-28.75539514212886,18.25857373540985,45.29534679647653
2001-07-31,0.12433547983441579,-28.969778298665624,19.112970068294025,46.86850634570607
2001-08-01,-1.3363550519663727,-28.977969824743766,18.912506633962547,47.89202308565307
2001-08-02,-1.148147641949173,-30.145278160634557,16.563005466782563,47.73671865744611
2001-08-03,0.6221688422653953,-30.837280460932256,15.766248707733537,47.04776508634769
2001-08-04,1.7439857263874625,-30.189145053085884,15.471315301751558,49.00421823363499
2001-08-05,1.070206385395354,-31.060622143057497,14.816487816446953,48.293023011549224
2001-08-06,0.8950751481760179,-31.567248467379578,15.11444392495332,46.57336531368509
2001-08-07,1.1578611712853129,-31.5132274502747,15.054716318280148,47.551629232418385
2001-08-08,-0.8924348471134971,-32.63569012317148,14.242165800539878,48.01316690057311
2001-08-09,-0.4759201951520063,-33.13544587128813,13.169622381936817,46.37108431454187
2001-08-10,-0.4234545945619761,-32.61505035967797,14.147236331687965,47.97271905610346
2001-08-11,-0.4842743881926296,-32.101670158706945,13.097884132505353,48.35050806227237
2001-08-12,-1.0514425288389564,-32.2992010783331,14.225989122283448,48.15734925721
2001-08-13,-1.0236999910911044,-32.15550710914979,14.964429515905602,46.680369076602815
2001-08-14,-0.28099257996225724,-31.720324719658716,14.666843415430312,47.020136810293685
2001-08-15,-0.09905252534071887,-32.56545913572974,13.836378114603406,47.592641677376065
2001-08-16,-2.2348555911779777,-33.188715170490816,15.573353997999504,45.66259418343495
2001-08-17,-1.4852756397061075,-34.02431110449931,15.441042155101792,45.03893654743348
2001-08-18,-1.431752908590457,-33.602328735297625,16.457292864099195,44.03229397746703
2001-08-19,0.034519914627672454,-32.2038215639103,17.586872049784464,44.04069986508381
2001-08-20,-1.1227764962565416,-32.93555774921707,17.31219793308796,43.39891943278209
2001-08-21,-0.8960113509136416,-33.87867466119191,16.075375318327303,44.22711463176738
2001-08-22,0.8757816065988142,-34.3866008583373,16.266055163360654,45.09980821983509
2001-08-23,1.2599722632363664,-34.740943065276674,17.845234608269607,44.43305099206105
2001-08-24,2.740783419832152,-34.899909146010145,17.67074306824224,44.03583002186957
2001-08-25,0.38256490009165,-34.696819224825155,19.524041343904486,44.64235256109003
2001-08-26,1.911009789935655,-33.890516296872995,20.937610349137316,45.40681787736108
2001-08-27,2.0376878682280677,-34.583084383495404,22.412532514301745,45.05329522338899
2001-08-28,3.3711647662583166,-35.10519694291147,22.148845823305635,47.14022429388075
2001-08-29,5.1802961637557665,-35.20677526890091,21.53443897737009,47.74020593509753
2001-08-30,4.5697230021855955,-34.33810531571715,21.532629271890666,49.62110439750908
2001-08-31,2.1355331247713143,-34.14841529730813,22.256092727368248,50.06850454846394
2001-09-01,2.327969285475256,-33.0588224650619,22.369314177184464,50.40350553213972
2001-09-02,2.895033032083528,-32.92568100695426,20.97333123408742,50.60412629544668
2001-09-03,3.07687465096166,-32.243908161551715,21.182950508123234,51.24206520453137
2001-09-04,3.650730092547238,-32.822914275340146,19.974900592172002,53.19261994183104
2001-09-05,3.9371445551490796,-34.948634504039156,20.82263810759594,54.42287506265673
2001-09-06,4.377038232250522,-36.66888541144023,19.768679577764825,52.48066280398011
2001-09-07,3.646002524236202,-36.47358015178393,20.29740118123678,51.93408087532753
2001-09-08,3.5621108304787716,-35.514833245096675,18.290117775705465,53.55805420699772
2001-09-09,4.881298026437125,-35.02541196318959,17.289126462868595,56.335684667552584
2001-09-10,5.390009613104308,-34.003499101236365,17.186669757459708,53.91346327831116
2001-09-11,5.463212881790425,-32.81230175243427,18.202405107727497,52.80564047283408
2001-09-12,4.604560832752307,-31.080548851718902,19.289116503129605,53.140984998693696
2001-09-13,4.028221716420285,-32.15870588978379,18.11973609583573,52.8460888428043
2001-09-14,5.502344687303886,-31.6239833514337,18.672361077866793,52.7980202067002
2001-09-15,5.514841158304994,-31.455560497019956,18.182517471774368,52.7307287036899
2001-09-16,5.047394499398422,-32.16139462701728,18.052670549567207,52.13740202315126
2001-09-17,3.0183120945635356,-32.355734146511324,17.721872884570402,52.00117855532713
2001-09-18,1.9088418728227063,-31.048814734241788,16.652735749207213,51.97445890756082
2001-09-19,0.7667243814676299,-31.578092956302918,15.662270235460584,53.23973165623353
2001-09-20,1.5647233348452905,-32.37930617748284,15.223172293039346,51.054036243360144
2001-09-21,2.240603720736939,-33.46774992092278,16.208143048466297,50.73437593443607
2001-09-22,2.361502954830321,-33.61818042971476,17.02901060939814,49.6245215270507
2001-09-23,3.038953622567858,-32.360181205705054,16.547415169669357,48.784261634987224
2001-09-24,5.1571623863482206,-32.93435385551343,15.175808863253756,47.840024596542435
2001-09-25,7.059923472002904,-31.84697358114785,15.716740761837993,47.71510875712582
2001-09-26,7.2100852134001245,-31.292173640347475,16.807188886570408,48.14650086924257
2001-09-27,8.246753978979347,-31.500097275100526,17.981148655756645,49.10984772050639
2001-09-28,7.3631457840924615,-30.174004743384923,17.954530102057976,50.106451092189744
2001-09-29,7.491016599329461,-30.99952890035074,18.184425674972857,50.42097814636176
2001-09-30,9.088980591916366,-30.00294342860773,16.446184513554527,50.17621792213934
2001-10-01,9.473506595545024,-28.08276056738651,16.158218913409684,50.27101635171262
2001-10-02,11.022626001388135,-26.875450788753124,18.263483566206638,49.51468053115209
2001-10-03,10.439208180751942,-25.861870743071826,18.78430203416606,49.85406804326936
2001-10-04,11.114384948575742,-25.53880001891519,19.666944978751495,49.34291769713419
2001-10-05,11.888219193917287,-26.640069675043804,20.0914861355745,49.62507403037493
2001-10-06,10.453864770876223,-26.00309882447467,20.01960225744697,49.72772061878389
2001-10-07,9.583393178141096,-25.294236164186383,21.720956797103245,51.04233683887307
2001-10-08,9.556374584526637,-25.996785048321797,18.647575126597165,49.11563632429067
2001-10-09,9.64864882621217,-25.72741354616607,18.738408067478886,48.22172139750543
2001-10-10,11.416102489693204,-25.983966355802647,19.86716686853866,47.824656642061676
2001-10-11,11.787766571996292,-25.846868823659754,20.096156511362803,48.78440394549342
2001-10-12,12.54560490619755,-26.85356601748428,20.618694859947514,48.78608968836252
2001-10-13,12.77987443577461,-27.758755497754784,20.79440774782103,49.56975043916903
2001-10-14,11.198944090078683,-28.3872074219157,21.520154765896045,49.734060707351915
2001-10-15,12.022349833494427,-27.991894434779343,20.71903520623292,50.58239293270765
2001-10-16,11.593852325564457,-27.84701487201406,20.316753936000175,47.75607131860181
2001-10-17,11.690579277536084,-28.229622810953433,18.445994179526558,47.2816674803128
2001-10-18,11.674895785861722,-26.80537901910545,20.022956937875296,47.38363584705335
2001-10-19,13.493026997881026,-29.28811369455252,19.1358973476064,49.063715842814496
2001-10-20,11.417057362979005,-30.50302974349398,19.887617115241937,48.20077727526438
2001-10-21,11.036659188121995,-31.434542357334575,19.92284321665852,47.44073564014358
2001-10-22,11.153523147572628,-32.0573192040789,20.062451692790408,49.339327222945926
2001-10-23,11.928501069637923,-30.071040964385663,20.511727337538595,50.247491630903085
2001-10-24,12.16318370322994,-30.170706556676468,20.566153109863347,49.984682327797934
2001-10-25,12.471818695529564,-29.8829894948026,20.279909853976548,51.544186778995716
2001-10-26,13.01152942832988,-30.906826734966817,19.774272205459685,52.727699786411996
2001-10-27,12.404413465601042,-31.03640880457273,19.426102417847748,52.045955435866475
2001-10-28,10.793435176230744,-32.43654828460889,19.171707513187762,52.785857157420324
2001-10-29,10.463623587879828,-31.74206674754301,20.5203968516412,50.663989864242176
2001-10-30,11.145117752960822,-30.979464594730523,22.181016111018884,49.69588135259505
2001-10-31,9.38741863236899,-29.675445314598434,23.511982802095925,50.29965320650871
2001-11-01,7.876900896235543,-31.238448447972946,21.82302644989172,50.2292199856499
2001-11-02,10.487052542526543,-30.556492143808708,21.52243105976365,51.16262763592415
2001-11-03,11.945776718802517,-29.68610269954444,20.531563365854634,49.95275968861748
2001-11-04,11.705067180596412,-30.5629165015297,21.048027241596568,49.90631559143929
2001-11-05,12.929558931386246,-30.16932725496428,20.83736575549673,49.924733045569866
2001-11-06,13.663735098356534,-31.073210572552973,21.53216547051532,50.53602515369779
2001-11-07,14.919747909641629,-31.30823460353835,21.28108828315369,50.14436500083299
2001-11-08,15.049961002540554,-31.731718610289793,20.877800493973922,49.95335188401583
2001-11-09,14.649827969424994,-31.970029543355587,20.533102209718088,50.757814298340165
2001-11-10,15.548406820180384,-30.915030241061555,20.5629372412231,50.183404936300235
2001-11-11,15.442042850080641,-31.360432935132895,20.772492071672353,52.50765987302657
2001-11-12,13.972254338925156,-30.58335526599945,21.69500761757741,52.42049762078857
2001-11-13,14.136027352141774,-32.1812668918062,20.348343432080668,52.20656822063208
2001-11-14,12.352960943763264,-31.684306323395486,21.541934722592636,53.70292161211075
2001-11-15,11.570199154011412,-32.254668726373566,21.799666050948257,52.85632222232581
2001-11-16,10.857244902461744,-31.447442845231784,21.95281797169591,52.73241506874367
2001-11-17,11.854897574660432,-32.5774492700779,21.73683580234292,52.951217304645944
2001-11-18,10.318624547925964,-32.474388948033834,21.636199310587152,53.16902774031994
2001-11-19,11.155260843144868,-32.67745988694062,20.384355401236753,53.50239101352845
2001-11-20,12.766699891622181,-31.95372390080227,20.508609942831832,52.8476907331473
2001-11-21,12.119564370065275,-32.648830537870026,21.625673758290578,51.073522059849196
2001-11-22,11.205505696312773,-31.7704898134508,20.265049029134566,51.863848846740424
2001-11-23,11.074509048666616,-31.02831642509889,21.698230381087882,52.30417776554545
2001-11-24,12.567352762091614,-30.562821192808503,21.544775458398583,51.42746232037017
2001-11-25,12.318028495628571,-31.493071931645844,21.71683515877465,52.27540814143163
2001-11-26,13.973862332533546,-31.08109051251613,20.805112039833965,54.49663458602415
2001-11-27,13.221785992410416,-31.382082171718427,20.065392754459673,54.98933120101024
2001-11-28,13.32800325126199,-30.066707368392464,20.77898857517761,54.34582750950995
2001-11-29,14.003077230935848,-28.831605907153612,20.733600511164482,54.202863440099364
2001-11-30,14.610786201608823,-27.442385051494867,20.39568285791463,53.200059172333305
2001-12-01,14.58892777774057,-28.849280369911313,20.325858001484132,51.72599853064175
2001-12-02,14.34526639563816,-28.915287399332772,19.424826908622332,50.08350200556326
2001-12-03,13.157648214020963,-29.48433898375392,18.08096829699167,50.85898462384336
2001-12-04,13.477603800010602,-30.209150902374184,17.100585529727944,50.80465651690501
2001-12-05,12.16122572646336,-28.806965013800273,16.526755317258424,50.74491869257524
2001-12-06,12.247337624579828,-30.236801015412148,15.966647591396242,50.43096529480887
2001-12-07,12.714190630489849,-30.68414122621292,16.743123628313445,50.425164350164714
2001-12-08,13.187544891214058,-33.35508175334324,17.20070421058851,49.497943571819555
2001-12-09,12.041883677243439,-32.40663177488667,16.84752123260294,48.87517953951011
2001-12-10,12.4480407713895,-30.764494599973077,15.886405664890106,48.641441159787306
2001-12-11,12.50920689074179,-30.207807190004452,15.132695689380288,48.24197244455842
2001-12-12,13.024282462426076,-27.92327077726988,15.377875363175193,46.789180407981696
2001-12-13,12.12194341021047,-28.540663100348084,14.904065664223557,46.14964341826789
2001-12-14,11.08068576733709,-30.836109226058834,14.22857523179441,45.671241878825526
2001-12-15,12.185598376198598,-30.580780905630046,14.074551635588042,45.98091833462582
2001-12-16,13.3570168413032,-31.17141884406074,14.532610651116373,46.20433676177983
2001-12-17,13.397020923431088,-31.758324393499716,16.47560236301833,47.013524663509685
2001-12-18,13.454223393231528,-31.32644896825013,17.189133545339153,45.078444984366705
2001-12-19,14.354409589864371,-29.966131714377543,18.215278794697813,44.17910589986607
2001-12-20,13.255386552636628,-30.971439279969495,16.704831398898353,43.385433162235586
2001-12-21,12.814468600961138,-31.23523974938814,16.589345164632597,43.92615832950189
2001-12-22,14.229147822193726,-30.55739688255993,18.122531935765338,42.46339108048319
2001-12-23,13.815094837303507,-30.47911155137804,17.885771311494945,42.60991172453779
2001-12-24,14.685990362243576,-31.303737054738864,17.247093095853785,44.23220694136027
2001-12-25,15.315178317322603,-31.26144652641617,16.53671427965935,45.11814711244931
2001-12-26,14.29682251688514,-32.367085566385924,17.1062053640734,47.63347168003761
2001-12-27,13.982590835522817,-31.74314515203201,17.801162502570527,47.86114319117663
2001-12-28,14.804254450614875,-32.39463041516438,17.060954978564663,48.27658399767076
2001-12-29,14.444723021381634,-31.873327602352454,17.25862404438294,46.97774877449077
2001-12-30,15.469927365072849,-31.867043658134985,16.77166157314197,45.954734272274074
2001-12-31,13.518008717256762,-31.541373260956487,19.297200346197,45.94221980570864
2002-01-01,14.337317617957563,-32.966376687238935,19.036884754137915,45.25454924038101
2002-01-02,14.399461762739408,-32.21292969217835,18.314734991344142,44.94367232373287
2002-01-03,12.662948643029718,-31.454231801675093,20.260212818209393,45.203266144332794
2002-01-04,11.25193553857875,-30.886351157119186,19.311549629567594,42.88394298031266
2002-01-05,10.566653135456228,-30.51629133127902,20.104276885161315,43.911113888933315
2002-01-06,10.18738233763374,-29.383060126689593,20.322610919202944,44.472861932423044
2002-01-07,8.570462696294756,-29.813065522088362,20.641221244956288,45.108708719709256
2002-01-08,10.021172775217718,-32.26898532992677,20.430283777756173,46.3618995114668
2002-01-09,9.47188938676534,-31.040160997290958,19.958219790454415,47.56904379778436
2002-01-10,8.79157965452839,-30.20491812630257,19.963709646299918,47.05203723608291
2002-01-11,8.121962681694821,-28.22226433769661,20.18266022718639,45.90766162810765
2002-01-12,8.001171921675521,-28.811711216991043,18.959496622630695,45.47103687384046
2002-01-13,6.37865271746351,-29.03777139959314,19.647670303531353,45.128058142351016
2002-01-14,5.608706798151534,-28.375516225064317,20.28654310529468,44.81787660819129
2002-01-15,4.878582543571614,-28.171817480959483,20.18577016949684,44.11131894393632
2002-01-16,5.133276215543845,-27.35222966898799,19.910996159252342,43.688484608233026
2002-01-17,3.7438898299862666,-27.537220014340544,18.84564327068667,43.07129497510838
2002-01-18,2.5987320204198765,-29.214051984543488,16.700870872848114,42.97322774271277
2002-01-19,2.6374325526119744,-28.57418899765911,16.45329262533662,44.5792777225801
2002-01-20,1.9081895616124183,-27.815690557562988,17.336386083721706,43.72766553333089
2002-01-21,1.4899032046124923,-26.37623053181609,14.66786462220521,45.10108075458225
2002-01-22,2.642215352244172,-26.196204085094692,14.055926564399668,46.306545814257895
2002-01-23,0.7461907118509798,-26.477934255115468,14.34461698625618,45.70763900731458
2002-01-24,2.3962014120996593,-26.480316840503352,14.605762846031206,45.766340418095204
2002-01-25,1.4149400698027574,-26.59144329759044,14.95574672864473,48.224502358745596
2002-01-26,0.5450104099275881,-27.062534951615167,13.685730484940887,46.879283018165836
2002-01-27,1.676960666563845,-26.09279406442565,14.140958496279227,46.23622288339936
2002-01-28,2.1131875729447005,-26.60517375911459,14.279018770089234,45.40082475423616
2002-01-29,3.9967409286540185,-26.762080182402553,14.262926022047186,45.36674568304662
2002-01-30,4.263830250775145,-26.032121870145577,13.306574005171402,44.916483386848405
2002-01-31,4.676554634155225,-26.40703372274534,12.369133640601236,43.39801299086349
2002-02-01,4.813269035383611,-27.162615923777604,12.79761978703734,43.81360416867231
2002-02-02,4.735752188865077,-24.500844594784525,12.551316218863896,44.6084641623559
2002-02-03,6.166171028903466,-25.017021429561158,13.556427966657708,43.21052339374752
2002-02-04,5.684672506016162,-23.853580770618407,12.659902422927546,43.22272236755863
2002-02-05,3.79605969885345,-22.379622963938402,11.896156250505213,43.930895609481986
2002-02-06,4.659939448268286,-21.458716112367718,12.617841837987028,44.704490059027584
2002-02-07,4.714514877913421,-22.862392754524755,11.76632533239285,43.97545459646424
2002-02-08,2.271519422333226,-23.185682172043624,11.987209516002759,44.30769566567961
2002-02-09,1.775763191549796,-22.862131963463607,10.195453497657601,44.93148900123956
2002-02-10,0.6389833374083251,-21.257223349886793,12.522242747259595,44.51686494692368
2002-02-11,1.6201645538079454,-21.263184121658842,13.512727647339512,43.387279561822794
2002-02-12,0.9886399778243272,-21.152569167406682,11.844637870224561,43.50258841448022
2002-02-13,2.4452382813271787,-21.143676163755902,12.53541762894318,43.0803557595131
2002-02-14,2.72963885115856,-19.76468248246593,12.421109528384518,43.56429501921889
2002-02-15,2.7261768357661382,-19.362380556291228,13.298999906959297,42.93787741171411
2002-02-16,2.79990812933578,-17.712361227456313,14.361028030506283,43.47565010847995
2002-02-17,3.3490971959049287,-17.506726959219158,14.010476221311048,44.17295420297988
2002-02-18,4.388898895436947,-18.577774292745897,13.506759145755588,44.420697257321685
2002-02-19,5.491452650298106,-17.87623159679686,13.377859034019359,43.694011124321335
2002-02-20,5.543931261353794,-18.92048377598755,14.352846856435596,43.69917698877112
2002-02-21,6.440394108824789,-19.302395783014422,14.55326973545417,42.72925791994856
2002-02-22,6.246799990005321,-18.92080808812139,15.364771482361576,41.521347224210935
2002-02-23,6.685210601591462,-20.912071241703252,14.650341021306737,41.05774918395764
2002-02-24,6.619268971294984,-22.85148760011926,15.228621429579881,42.243686716236354
2002-02-25,7.816811821453152,-22.95715092165279,15.797487105993032,42.759159251694
2002-02-26,6.006524785703931,-22.98831041583601,16.796727838927346,44.09035249456253
2002-02-27,9.995027013018804,-22.993994241688664,16.875488812074842,45.26710713522233
2002-02-28,9.233205593332587,-23.308433730698223,17.26703237214027,45.90756862231065
2002-03-01,9.237294833034056,-23.27652480614083,16.391339697664243,46.22753904058698
2002-03-02,10.322707212967542,-21.580383725958452,16.085063929575583,47.130260318927824
2002-03-03,11.196642149515908,-19.15741907970409,15.772156086235395,46.56439445109571
2002-03-04,12.516815617881168,-18.948310996608782,14.2463970292361,46.85470182724796
2002-03-05,12.094212296787065,-17.145834318311998,13.827305256778047,46.666898070523416
2002-03-06,13.210909941062955,-17.48483542687231,13.7596493149753,46.63756476976958
2002-03-07,14.094285373474579,-17.910953791005834,12.267883334537903,46.54812559643836
2002-03-08,13.858397213751072,-16.513324529772984,10.730322504250951,46.02058942894909
2002-03-09,14.41989514457692,-15.893907583513425,8.69864242781199,45.509777988867256
2002-03-10,14.947943995151842,-15.257896757102873,9.475771024934,45.816938742853054
2002-03-11,11.728119449375907,-17.5165515719978,11.350229489455224,47.3954714529971
2002-03-12,12.920808603256928,-16.234390887215138,10.518268884963126,46.55712658983341
2002-03-13,12.595888905228104,-18.15343484697116,11.208821403150193,46.94136102419888
2002-03-14,11.292733635864067,-18.71777270917827,11.01675311210421,47.484809463527434
2002-03-15,12.25109611322389,-17.36263191108623,11.443071136988943,47.51542706413708
2002-03-16,11.058693396479104,-19.39668936459915,11.693880169784315,47.820433017866506
2002-03-17,10.211416361726377,-18.625886960946854,11.456527157112378,47.96303678245603
2002-03-18,8.269918796456079,-18.59253621193329,11.159727436855276,46.46244190887586
2002-03-19,9.29767827679259,-18.23481496984795,10.59078962421125,47.56495341376791
2002-03-20,7.645429895970248,-16.8169522416909,9.181674054002357,48.05261494608199
2002-03-21,6.823492524345803,-16.860813852635747,8.01453983095513,46.912441228315544
2002-03-22,6.660065896296016,-15.178428690118581,7.404119831725535,47.92617526549642
2002-03-23,6.024784064936675,-15.576327898636197,6.924084222447014,46.50243755517069
2002-03-24,7.1789319297762075,-15.592917868922454,6.637808305211043,46.61270489023656
2002-03-25,6.956611871786496,-14.456016050245951,9.566564051089848,46.266820523777476
2002-03-26,6.852912263618743,-13.057883101965603,9.255510122947397,46.5738307735689
2002-03-27,6.665072266607126,-12.882649176830833,8.003119060605671,46.259708457791106
2002-03-28,7.041860927487907,-13.038618284020549,7.860861922584663,46.53473127176344
2002-03-29,6.934889453535947,-12.718261641535433,6.670269876251426,46.20927226096672
2002-03-30,7.249239784174855,-12.505506316216564,7.0702650972573196,46.13271784081202
2002-03-31,5.836954457527704,-13.67144469168499,8.23814430573843,47.14917477007661
2002-04-01,6.092244055625614,-13.382078486413151,8.389186948632805,48.01025830112704
2002-04-02,5.868485077356205,-14.204019801723803,6.639160951834284,47.58490672750975
2002-04-03,5.295035507279986,-14.727754026962813,7.379812261884708,47.17214747603627
2002-04-04,5.657998130573576,-15.08797121682324,5.526167214331879,45.308301178907136
2002-04-05,5.781924390846943,-16.777702252068735,5.764768622703508,44.72794998341361
2002-04-06,6.944251333331559,-16.134365821429075,6.6141567740092,43.91456852070073
2002-04-07,7.127633598614508,-15.280831472535883,7.6163406212657625,43.73379108816239
2002-04-08,8.012818976857632,-15.132831445165596,7.583809971083537,41.8797555655884
2002-04-09,7.302921195436643,-15.387114015474651,8.24983398452564,39.88161819947011
2002-04-10,8.298442691687997,-15.197451458318044,8.192153541501364,40.387222033448985
2002-04-11,8.231055257458639,-13.941282429716585,8.596351660186045,41.71101969915345
2002-04-12,9.17424155557745,-14.017333769234758,8.122857680004977,41.90334769752841
2002-04-13,8.115546573070487,-12.714336463981201,8.796969760769155,41.21738492424156
2002-04-14,10.30482950947738,-12.964392806900447,7.078525406498832,43.341580298011394
2002-04-15,11.007230496600103,-11.988731885437481,6.471812263586928,40.08665985859602
2002-04-16,10.554131160538523,-12.096519360941718,6.852273033666168,40.16659302087675
2002-04-17,10.146278638056494,-11.126322354812734,5.409834856662962,39.83713299626521
2002-04-18,12.324920420537858,-12.073614279202225,4.809737936710144,39.29060345805479
2002-04-19,12.376053831191602,-12.428618929334565,3.8086853056108287,38.603703854179464
2002-04-20,11.391195679939134,-12.938303927457138,3.7545394232538736,39.33847608622047
2002-04-21,11.011329399228718,-12.325094183158338,2.839159602215687,38.94233993905303
2002-04-22,9.443024407223302,-10.871118316084035,2.827374898340568,38.13396212048088
2002-04-23,8.581857302138857,-12.26339099261611,3.2522560752555285,37.82872476248815
2002-04-24,8.258327339460468,-12.619324072272482,4.351404797569735,37.27343879363642
2002-04-25,8.554161685746216,-12.53989885969918,4.589094287647654,36.27815896023319
2002-04-26,6.94230470117696,-13.562747466668151,4.292468500414316,37.47447506318679
2002-04-27,7.797025559759589,-14.442076947308333,5.197894546694445,36.868924503241544
2002-04-28,8.222783500263553,-14.30907199405847,6.066031614850663,37.99505698449706
2002-04-29,9.269334877489028,-14.76650652123914,4.410646834086357,36.30994219347462
2002-04-30,9.665741129895395,-11.452613802226733,4.222935324712893,36.627782688652104
2002-05-01,8.656930558583081,-11.740686500779198,4.802041290155454,35.56597847310873
2002-05-02,8.007300541547037,-11.077354971674472,4.350452748388598,33.694421706003034
2002-05-03,6.980523374488037,-11.574782929108276,3.3933056090136917,33.6510452469305
2002-05-04,5.836270938062043,-11.260895020685574,4.174280535348444,33.48780428542214
2002-05-05,4.605877984322955,-11.118535235570185,4.316558800110038,33.620993665432046
2002-05-06,6.369533342731441,-11.94268083633197,6.358888956338909,32.74691773377158
2002-05-07,8.008013362279126,-10.047057190033286,7.472003281955759,33.37699373151583
2002-05-08,8.496278350632297,-8.682874726811253,7.305604575564207,32.7382576406356
2002-05-09,8.182790876772655,-8.810509227437318,6.088328625015432,34.06727885088027
2002-05-10,7.904719878292959,-9.088570049532617,6.505289968460722,34.93612799235526
2002-05-11,8.341009284168551,-8.741825047279791,6.00938349806779,35.40828844516652
2002-05-12,6.972153439297075,-10.14671796884403,5.978793321051004,35.566152509910154
2002-05-13,6.6353113530041625,-8.820188853496848,5.056520437225633,34.25910454111903
2002-05-14,9.011642870244684,-9.097992189678921,3.956660116245847,34.30435213462702
2002-05-15,6.417290357360611,-6.320481444621457,3.904163448710329,35.53321979009091
2002-05-16,5.798482179751329,-6.973400670507221,3.8131522440780192,36.00993855690155
2002-05-17,5.534060448468299,-7.378419553548874,2.7144137514843365,35.514518274144926
2002-05-18,6.8451864954857715,-5.530529810733164,4.554837795237022,35.334102050032286
2002-05-19,5.443672298631016,-6.491683015679625,3.2317170703927913,33.55568135786327
2002-05-20,5.530245494046252,-5.334902182333979,2.3273994237990148,32.47340190590443
2002-05-21,4.50886203516091,-6.13651336722453,3.1098257431101195,33.20759523815393
2002-05-22,4.388432576236022,-7.188922637832485,2.2234689342255662,33.24323829577472
2002-05-23,5.704775432720125,-7.269177406723499,3.2358855982353862,33.93430450896573
2002-05-24,4.939428159513622,-7.895836919362577,2.5641059942644495,34.665250607115354
2002-05-25,5.157978995080816,-8.846093577851901,2.825493895944864,34.61936856204571
2002-05-26,5.000053946739657,-7.067315667396689,2.739277168878661,36.01108331547164
2002-05-27,5.689637730500586,-6.936109131074705,2.5300846504621934,37.443983070224014
2002-05-28,6.42257206083277,-8.116060774740674,1.7330049976135387,37.9212434929262
2002-05-29,7.16966634530713,-8.6808068026698,0.7573065029162578,37.17768101255143
2002-05-30,8.158797053131831,-7.4773062986290855,1.4490939576245938,37.27032524018792
2002-05-31,7.715710216149227,-7.009883974327763,0.4415325291911609,38.23357780692829
2002-06-01,8.704989718844802,-5.893056417354368,0.7243092209665778,38.12861165995234
2002-06-02,8.336082065265261,-4.749884947248027,-1.398178526971667,37.81472868335183
2002-06-03,8.41865759321057,-4.793387107677195,-1.9255992703055438,37.48221126717642
2002-06-04,9.13936260948365,-5.494349763101837,-1.894037911362787,37.24614158638942
2002-06-05,8.732416062173039,-4.249962095959942,-1.8386721714586816,38.01683343318955
2002-06-06,9.469800597814126,-2.8030925269988822,-1.8116586601372553,38.14943025514851
2002-06-07,7.754168414622282,-3.1110264656768796,-0.8232688052829444,37.091115123334916
2002-06-08,6.559290936734568,-2.939362852482758,-0.6751792053041565,36.796239608246076
2002-06-09,6.476233961879347,-2.5470267107922386,-2.1702667178426935,35.06467780797095
2002-06-10,4.796366871023519,-2.8769101403406365,-2.756286829554939,35.20767984325157
2002-06-11,3.8404087920180308,-3.515912863922698,-2.008759839668158,35.06665486760575
2002-06-12,3.5195847272998053,-3.3347528156344906,-2.738762936713276,35.382151255354046
2002-06-13,3.7285407581781396,-3.2228805332222454,-3.04045640639644,34.68790180008199
2002-06-14,4.743612146993252,-2.764961728917037,-3.0917931369751823,37.13022616156744
2002-06-15,3.1193509091056715,-2.8485029542469884,-3.4309686375358006,36.085516090875174
2002-06-16,2.5939360466917405,-1.9507996896984428,-3.2549913200734766,36.97085067036538
2002-06-17,2.880651163424241,-2.4500743158166385,-3.2935685558413583,35.588979963630166
2002-06-18,2.946617084105684,-3.514622334963355,-2.035730466568178,35.14880998965126
2002-06-19,3.354602997313408,-2.1005083937404025,-1.8851431378677268,35.31283796396691
2002-06-20,3.256913204945081,-3.9013911452114822,-1.7671728033232463,34.019911922066
2002-06-21,3.3342394362153893,-2.020526651869454,-0.5378874488787035,33.89945802061638
2002-06-22,2.82072998204341,-1.2611590857793624,-0.7775022558920254,33.67683282814559
2002-06-23,3.044662960994125,0.2941019039446542,-1.2372172071280587,35.58883777622872
2002-06-24,3.299113168296136,1.7410736243241411,1.1275416812934107,35.625059325054195
2002-06-25,2.7532713648734166,0.8069958463115466,1.6413797110876742,36.05184023142983
2002-06-26,2.58664587537406,1.7539171022503117,1.1870596862634235,36.332003607075634
2002-06-27,2.4487252219211975,2.296796257457084,0.5883750419570578,37.34258302516156
2002-06-28,3.5870689632437305,1.7005114586019046,0.7553753795617126,36.81347421008349
2002-06-29,2.321586294198765,1.945299744814983,-0.9969365730762174,36.538969241770566
2002-06-30,2.2907229059201906,1.252584439918465,-1.3785649946907275,36.63584646528344
2002-07-01,3.5179403919445553,0.534316152688476,0.04937169849818024,37.25448344997671
2002-07-02,4.457728396035161,0.7287872949459164,-0.8524678371448011,38.85725398361894
2002-07-03,5.6284677526349896,1.9948719457218906,-2.076484406784313,37.61089444143538
2002-07-04,4.620526488203724,2.7447407731703004,-3.67570217002989,38.042641633804
2002-07-05,4.61415790621012,1.8094210957549153,-4.215954636975596,36.03172009631131
2002-07-06,5.135304290197535,2.863229523700587,-5.3925242372298445,36.92476926447835
2002-07-07,4.115141659617188,0.7849446802510252,-5.132884718496228,37.24112479180722
2002-07-08,5.132308223367939,-0.6225370003517143,-7.186418394112644,37.203409424230976
2002-07-09,4.765934529477198,-1.3122771866711367,-7.581411831025463,37.675479143168204
2002-07-10,4.249554320615424,-2.6357340176567767,-6.370105595641407,37.71604828826699
2002-07-11,3.0379438389719944,-3.4117373224964607,-7.196288796274433,36.18565633791648
2002-07-12,2.355808158154667,-3.241617565382158,-6.404949273533153,36.892190395160405
2002-07-13,1.8694864144902876,-3.6423133101436926,-7.0441047331313245,35.32502177283324
2002-07-14,2.2258327668887747,-4.960684875662075,-8.296480081569259,33.62860397667045
2002-07-15,2.8234046903457455,-5.113469382474673,-8.227500926028373,35.22169509354126
2002-07-16,3.3885093624605327,-4.48688360172322,-9.183559772783454,36.417660619092295
2002-07-17,3.7410865908833966,-4.1042134799632715,-9.716482805958512,36.78473265739341
2002-07-18,1.0342061294884672,-5.111325467282424,-6.7355942851566315,35.98236418894506
2002-07-19,1.6453299685540852,-4.979191154139185,-8.052324883212306,36.79003154476058
2002-07-20,0.3279303256421562,-5.157379831104011,-8.796568398134342,35.63323441037685
2002-07-21,-1.6901820018200708,-7.004820054665941,-10.784434054112795,35.40500678839096
2002-07-22,-1.5467308517920617,-6.53747991854969,-10.722853803767787,35.073056900603056
2002-07-23,-1.9484502783031752,-8.419129911303928,-10.086818919890275,34.455098504071564
2002-07-24,-1.7234200629729786,-10.446836371975547,-10.305555397673437,33.2337360232444
2002-07-25,-1.1816333071838736,-10.817451422898346,-10.348841711427667,30.73796146375947
2002-07-26,-1.0871430619434521,-11.065588241776625,-10.428047072300311,29.13141457631522
2002-07-27,0.5826118320041664,-11.381653198199144,-9.837059784112189,28.801845013504874
2002-07-28,0.13169758268165127,-10.928343406433374,-10.05442826659599,30.83755308551722
2002-07-29,0.9669330177730351,-11.928226005095285,-10.98433021466507,30.057085814530392
2002-07-30,0.8569268492967298,-11.908005707368886,-8.653497660992333,29.884242131783214
2002-07-31,0.11603912035330954,-12.174889681762153,-8.914191736923971,29.155538435152256
2002-08-01,0.6987864695637716,-11.126262718994736,-9.046277636349839,29.30888061997498
2002-08-02,0.38640073837513744,-11.027422593134967,-9.2802204886766,28.559517474580158
2002-08-03,0.8356248724258536,-11.947454531762345,-7.893228619343486,27.62310492707292
2002-08-04,-0.15079103035533004,-10.93382868800218,-7.580477585070176,27.700196687546246
2002-08-05,-0.7835548386811642,-10.157184574956904,-6.441736573161272,28.30412214698873
2002-08-06,-0.6883251665475143,-11.671700352631543,-4.456245256649664,28.6983899419988
2002-08-07,-0.9033914906739481,-10.918241173451362,-6.91319821795776,27.987444326854174
2002-08-08,-0.016396121822408127,-10.445028614389818,-8.609811231812397,29.77130158941866
2002-08-09,-0.7119796188266252,-12.829512002343671,-9.886637234727393,29.356016266502543
2002-08-10,-0.6875097073666638,-12.257512156867225,-10.381295111917016,29.53198428366834
2002-08-11,0.9581129231965839,-13.324685976199248,-9.777505457862743,30.64898041498771
2002-08-12,0.9500010741612305,-14.287134122544405,-8.876842768719175,31.389456518882294
2002-08-13,0.33506593058715606,-15.419178989823177,-10.020764119680958,30.424888451642147
2002-08-14,1.931830732483061,-15.465851343364253,-10.384339750457695,28.825989912570936
2002-08-15,2.1855102826520745,-12.749708937370546,-11.042534775227137,26.944194366175854
2002-08-16,-0.5585629836770725,-12.471836976353655,-10.541874664778355,24.90638812750791
2002-08-17,-0.36244116169571505,-12.035827830256496,-8.175896536153445,24.13213621663729
2002-08-18,-0.09230455520222669,-10.338514536288669,-8.354000809316334,24.212819930680965
2002-08-19,0.05657666969288566,-11.145176180957026,-8.352855062552484,23.093157410743412
2002-08-20,-1.232728623078113,-9.902656258159539,-8.74137928433229,22.752359586512785
2002-08-21,-1.710792048388318,-10.005013936575143,-8.824524936069835,23.354377821194927
2002-08-22,-2.998704090528543,-11.652453652182375,-8.92587239802469,22.44203084795469
2002-08-23,-3.494815700588523,-11.530848400421037,-8.721658719844681,22.790331814176284
2002-08-24,-4.684963377939878,-11.991386387305857,-8.666786465760774,24.76198345865879
2002-08-25,-3.461123526315161,-10.735265058824936,-7.65546987377623,25.975852180584244
2002-08-26,-3.7969137676115334,-10.344901992319086,-7.674487963135558,25.647823417901204
2002-08-27,-3.884339316959342,-11.136374322752209,-7.458189862897889,27.5933201252881
2002-08-28,-4.589431030251336,-10.733627721930086,-7.330103526996572,28.177849749530246
2002-08-29,-4.397232094512536,-11.961662678009661,-6.954875457211908,28.01656879461281
2002-08-30,-4.620139913597177,-12.284225313641365,-6.5658509289492315,28.605873865740246
2002-08-31,-1.751606956052178,-14.981143261803604,-5.4146582290492224,28.502073431111548
2002-09-01,-3.7138750368089193,-16.504574204724012,-5.113567009275135,28.745336531002888
2002-09-02,-3.6599511789541506,-17.948529802384776,-5.710731323173654,30.086975166363366
2002-09-03,-3.162281188441374,-19.594502678297058,-5.695172906288321,31.64673129715868
2002-09-04,-4.3650554988892,-17.13564613786719,-6.551482044422603,33.50318685331811
2002-09-05,-2.7523532459189104,-16.654981763087623,-7.284386456989451,33.84184459903802
2002-09-06,-3.1285681100561273,-15.233285348561303,-7.884133517446444,34.95999118841601
2002-09-07,-2.0656018178280267,-15.586352715468859,-5.9128572367056655,36.23331452805706
2002-09-08,-1.698840127367646,-15.037464487736127,-3.643196996072601,37.12304406667879
2002-09-09,-1.3505877317983717,-13.946649990900704,-4.376540683587903,36.689425700832444
2002-09-10,-1.2313481928772823,-14.850660752685405,-4.928295013454719,38.68178754714393
2002-09-11,-0.0888177476375116,-14.881851334054883,-4.6823455246877295,39.27959989874834
2002-09-12,-1.1288552705477155,-16.504187073533963,-2.790197057645973,40.10038781377387
2002-09-13,-1.8202400088968964,-16.53335926759583,-2.391880454857863,38.5573613632434
2002-09-14,-2.579186316894541,-15.944682042067832,-1.4368256991707413,37.02278820622376
2002-09-15,-3.584273931612236,-15.941860584344138,-1.0431754611265993,37.941628188462474
2002-09-16,-2.765276391193444,-15.995932407688622,-1.2866810275055625,37.79639015815455
2002-09-17,-2.907847563426819,-14.62171983064183,-0.5406999356966755,38.02604755452832
2002-09-18,-1.156924380823999,-14.266331568968056,-2.216048250227509,38.295093793098815
2002-09-19,-1.1005108472884424,-15.141719180476638,-1.7330653967469372,39.9147570759708
2002-09-20,-0.017818022605404327,-14.180588993542045,-1.713208070234352,40.076040795055064
2002-09-21,-0.23693595335776352,-14.304279272151993,-2.0204591252970987,38.73395198461594
2002-09-22,0.5122844757070708,-12.096764157552965,-3.773853065981319,36.80830433816343
2002-09-23,-0.643804313384077,-11.010703857801332,-2.430116149508457,35.798955633269564
2002-09-24,-0.9398576173454118,-11.81367373927699,-3.2373304810665218,34.65042760607163
2002-09-25,-0.8530001903232091,-11.810728648850002,-3.204572754343104,31.398057783330184
2002-09-26,0.3515889121386543,-12.45068322275863,-3.5676376246911845,30.44229094546674
